frec,errfrec,vi,vo,errvo,dt,errdt,nodo,vo/vi,errvi,fase,err_vo/vi,errfase,errraiz
1.6,0.1,4.32,3.72,0.01,0.038,0.001,5.0,0.861111111111111,0.1,0.3820176666765188,0.02,0.01,0.04
7.6,0.1,13.4,6.98,0.02,0.013000000000000001,0.001,5.0,0.5208955223880597,0.1,0.6207787083493431,0.0,0.05,0.02
13.7,0.1,16.2,6.98,0.02,0.0095,0.0001,5.0,0.43086419753086425,0.1,0.8177565677294231,0.0,0.01,0.01
19.6,0.1,17.0,6.38,0.02,0.008,0.0001,5.0,0.37529411764705883,0.1,0.9852034561657592,0.0,0.01,0.01
40.3,0.1,17.9,4.48,0.01,0.0055,0.0001,5.0,0.2502793296089386,0.1,1.392668023336355,0.0,0.03,0.01
100.0,1.0,18.2,1.99,0.01,0.00344,4e-05,5.0,0.10934065934065934,0.1,2.161415745669778,0.0,0.03,0.05
159.0,1.0,18.1,1.12,0.01,0.00264,2e-05,5.0,0.061878453038674036,0.1,2.637429864541703,0.0,0.02,0.04
222.0,1.0,18.2,0.638,0.002,0.00218,2e-05,5.0,0.03505494505494506,0.1,3.0408103612626327,0.0,0.03,0.03
402.0,1.0,18.1,0.188,0.002,0.0009,9.999999999999999e-06,5.0,0.010386740331491713,0.1,2.273256444137574,0.0,0.03,0.02
